group_id,scheme,n_mules,n_layer1,n_layer2,n_victims,victim_amount
G01,假投資,15,12,3,42,14020000.0
G02,假投資,16,12,4,49,14400000.0
G03,假投資,12,9,3,37,11230000.0
G04,假投資,14,10,4,34,15800000.0
G05,假投資,11,7,4,32,8760000.0
G06,假投資,15,12,3,41,9900000.0
G07,假投資,15,12,3,46,15290000.0
G08,網購詐騙,21,19,2,87,858400.0
G09,網購詐騙,18,14,4,81,813190.0
G10,網購詐騙,14,12,2,51,408190.0
G11,網購詐騙,17,15,2,82,788300.0
G12,網購詐騙,11,9,2,52,486550.0
G13,網購詐騙,15,12,3,69,658490.0
G14,解除分期,7,7,0,26,1299567.0
G15,解除分期,10,10,0,41,2019325.0
G16,解除分期,9,9,0,37,1789371.0
G17,解除分期,8,8,0,32,1589478.0
G18,循環交易,7,0,0,0,0.0
G19,循環交易,6,0,0,0,0.0
G20,循環交易,4,0,0,0,0.0
